"Id","ensembl_gene_id","module","gene_symbol","organ","MM.pval","deseq2_sum.pval","geneID","is.hub","Label","hub_rank","log.MM","random_ranks"
"56","ENSMUSG00000029312","darkgreen","Klhl8","muscle",3.65838447000597e-14,1.9091795243578262e-6,"Klhl8",TRUE,"Klhl8",2,13.436710655221576,189
"71","ENSMUSG00000030403","darkgreen","Vasp","muscle",2.4322742583227213e-13,3.1261242828239604e-8,"Vasp",TRUE,"Vasp",2,12.61398745647139,190
"171","ENSMUSG00000024247","darkgreen","Pkdcc","muscle",2.389363312119121e-12,4.835972366690085e-9,"Pkdcc",TRUE,"Pkdcc",2,11.621717809039549,192
"121","ENSMUSG00000000317","darkgreen","Bcl6b","muscle",3.226450545261392e-12,1.507593209947676e-9,"Bcl6b",TRUE,"Bcl6b",2,11.491274987331902,183
"23","ENSMUSG00000068735","darkgreen","Trp53i11","muscle",6.186492397995209e-12,1.4134637387750505e-8,"Trp53i11",TRUE,"Trp53i11",2,11.208555516401747,185
"38","ENSMUSG00000050947","darkgreen","Amigo1","muscle",9.684698044803745e-12,2.0472658382167234e-8,"Amigo1",TRUE,"Amigo1",2,11.01391391542188,180
"152","ENSMUSG00000010830","darkgreen","Kdelr3","muscle",1.3412457627551705e-11,8.41828581581798e-5,"Kdelr3",TRUE,"Kdelr3",2,10.87249163704087,181
"107","ENSMUSG00000032220","darkgreen","Myo1e","muscle",1.5386912435820914e-11,1.945125773255243e-7,"Myo1e",TRUE,"Myo1e",2,10.812848517700123,195
"131","ENSMUSG00000020744","darkgreen","Slc25a19","muscle",2.3016548117011796e-11,0.02138287121701017,"Slc25a19",TRUE,"Slc25a19",2,10.63795980868815,196
"182","ENSMUSG00000054008","darkgreen","Ndst1","muscle",2.793742990859907e-11,4.743560563023444e-6,"Ndst1",TRUE,"Ndst1",2,10.553813549111347,197
"153","ENSMUSG00000000489","darkgreen","Pdgfb","muscle",3.994691153207769e-11,0.007450455234674632,"Pdgfb",TRUE,"Pdgfb",2,10.398516792230488,186
"48","ENSMUSG00000039936","darkgreen","Pik3cd","muscle",4.3352356897271116e-11,2.112957809439664e-4,"Pik3cd",TRUE,"Pik3cd",2,10.362987286661715,194
"62","ENSMUSG00000032766","darkgreen","Gng11","muscle",4.7004996310046804e-11,6.676850148673639e-8,"Gng11",TRUE,"Gng11",2,10.327855977073687,179
"67","ENSMUSG00000030123","darkgreen","Plxnd1","muscle",9.239703772997892e-11,0.019237176278318686,"Plxnd1",TRUE,"Plxnd1",2,10.034341952136458,191
"70","ENSMUSG00000030256","darkgreen","Bhlhe41","muscle",1.1369160549509143e-10,1.744236603061018e-5,"Bhlhe41",TRUE,"Bhlhe41",2,9.944271600587092,198
"181","ENSMUSG00000024535","darkgreen","Snx24","muscle",3.193024624637514e-10,0.0010447614007628205,"Snx24",TRUE,"Snx24",2,9.495797732164297,182
"102","ENSMUSG00000032193","darkgreen","Ldlr","muscle",3.336621863612354e-10,9.146587174281277e-4,"Ldlr",TRUE,"Ldlr",2,9.476693008763789,184
"104","ENSMUSG00000032014","darkgreen","Oaf","muscle",3.408098049047415e-10,7.069094296190196e-5,"Oaf",TRUE,"Oaf",2,9.467487919319742,188
"45","ENSMUSG00000028680","darkgreen","Plk3","muscle",3.9227957381436034e-10,0.003090312643819456,"Plk3",TRUE,"Plk3",2,9.40640430520379,187
"79","ENSMUSG00000059824","darkgreen","Dbp","muscle",4.761364109894653e-10,0.0017508210172833157,"Dbp",TRUE,"Dbp",2,9.322268605992067,193
"19","ENSMUSG00000039515","darkgreen","Ptpa","muscle",5.724008906181062e-10,6.317623435257021e-4,"Ptpa",FALSE,"",1,9.24229969917811,11
"193","ENSMUSG00000037010","darkgreen","Apln","muscle",2.0505047063665806e-9,0.034968516242968845,"Apln",FALSE,"",1,8.688139229572453,142
"189","ENSMUSG00000074818","darkgreen","Pdzd7","muscle",4.674148071344226e-9,4.384435293167851e-4,"Pdzd7",FALSE,"",1,8.330297533803197,82
"142","ENSMUSG00000038518","darkgreen","Jarid2","muscle",5.704225450781661e-9,0.0024014362249836856,"Jarid2",FALSE,"",1,8.243803317992187,19
"136","ENSMUSG00000020658","darkgreen","Efr3b","muscle",6.233004767001687e-9,2.9304200209420566e-6,"Efr3b",FALSE,"",1,8.20530254095948,101
"195","ENSMUSG00000034403","darkgreen","Pja1","muscle",7.438252565169272e-9,1.7012714698497814e-5,"Pja1",FALSE,"",1,8.128529079298222,47
"37","ENSMUSG00000027889","darkgreen","Ampd2","muscle",1.184998626482969e-8,9.247965346474142e-6,"Ampd2",FALSE,"",1,7.926282153038867,175
"178","ENSMUSG00000024440","darkgreen","Pcdh12","muscle",1.366201455967199e-8,0.10852709637064202,"Pcdh12",FALSE,"",1,7.864485256171332,83
"128","ENSMUSG00000020889","darkgreen","Nr1d1","muscle",1.983804485772206e-8,1.7473754981598328e-10,"Nr1d1",FALSE,"",1,7.7025011320479315,125
"59","ENSMUSG00000034118","darkgreen","Tpst1","muscle",2.8297398409358956e-8,0.0325796819808163,"Tpst1",FALSE,"",1,7.5482534905674425,23
"28","ENSMUSG00000039621","darkgreen","Prex1","muscle",3.32225916555947e-8,0.01078974141800575,"Prex1",FALSE,"",1,7.4785664917575465,56
"157","ENSMUSG00000081534","darkgreen","Slc48a1","muscle",3.742888170979975e-8,0.03142217531101649,"Slc48a1",FALSE,"",1,7.4267931484270795,157
"68","ENSMUSG00000090698","darkgreen","Apold1","muscle",3.752096822312059e-8,3.417371786906314e-4,"Apold1",FALSE,"",1,7.425725963242518,51
"86","ENSMUSG00000030878","darkgreen","Cdr2","muscle",3.880508818502567e-8,1.4024104908807046e-4,"Cdr2",FALSE,"",1,7.411111325287265,31
"80","ENSMUSG00000052512","darkgreen","Nav2","muscle",4.01575386799949e-8,0.04059649377487961,"Nav2",FALSE,"",1,7.396232913653232,84
"120","ENSMUSG00000044367","darkgreen","Slc16a13","muscle",4.882010492765676e-8,8.94100284309411e-5,"Slc16a13",FALSE,"",1,7.311401291501105,165
"84","ENSMUSG00000090958","darkgreen","Lrrc32","muscle",6.42668580818498e-8,6.110111016279427e-4,"Lrrc32",FALSE,"",1,7.1920129316295,116
"12","ENSMUSG00000030768","darkgreen","Disp1","muscle",7.096310082476042e-8,0.23537055668026044,"Disp1",FALSE,"",1,7.14896741570085,85
"65","ENSMUSG00000030084","darkgreen","Plxna1","muscle",8.15151888206623e-8,0.011240853969821923,"Plxna1",FALSE,"",1,7.0887614611201135,39
"179","ENSMUSG00000024427","darkgreen","Spry4","muscle",1.1975995046829668e-7,0.030200606906225697,"Spry4",FALSE,"",1,6.921688392285494,75
"130","ENSMUSG00000020743","darkgreen","Mif4gd","muscle",1.336689930069465e-7,0.009444479367754043,"Mif4gd",FALSE,"",1,6.873969323685853,50
"117","ENSMUSG00000003348","darkgreen","Mob3a","muscle",1.531558997999268e-7,0.00924175232682472,"Mob3a",FALSE,"",1,6.814866268846302,150
"105","ENSMUSG00000032086","darkgreen","Bace1","muscle",2.1730047402234057e-7,1.6990240062286696e-8,"Bace1",FALSE,"",1,6.662939326302291,54
"146","ENSMUSG00000022074","darkgreen","Tnfrsf10b","muscle",2.5439549785858343e-7,4.013490663921955e-5,"Tnfrsf10b",FALSE,"",1,6.594490578843102,1
"16","ENSMUSG00000026921","darkgreen","Egfl7","muscle",2.655563820793577e-7,0.21745009474174246,"Egfl7",FALSE,"",1,6.5758432567809315,132
"198","ENSMUSG00000025265","darkgreen","Fgd1","muscle",2.7850929791378435e-7,0.0026527607052630356,"Fgd1",FALSE,"",1,6.555160301512712,86
"34","ENSMUSG00000038550","darkgreen","Ciart","muscle",2.7996636193700417e-7,9.127127550698508e-6,"Ciart",FALSE,"",1,6.552894146167544,9
"42","ENSMUSG00000028214","darkgreen","Gem","muscle",3.089827908952208e-7,0.040220060854396354,"Gem",FALSE,"",1,6.51006570836601,173
"112","ENSMUSG00000038214","darkgreen","Bend3","muscle",3.629214278620369e-7,2.5845370929753684e-4,"Bend3",FALSE,"",1,6.440187389122369,70
"124","ENSMUSG00000061981","darkgreen","Flot2","muscle",5.008760620219059e-7,0.20521181715421555,"Flot2",FALSE,"",1,6.300269723711199,4
"192","ENSMUSG00000009406","darkgreen","Elk1","muscle",5.362238303525596e-7,0.001321504153382323,"Elk1",FALSE,"",1,6.270653889419447,119
"15","ENSMUSG00000078202","darkgreen","Nrarp","muscle",5.63034763989531e-7,0.3645519307752141,"Nrarp",FALSE,"",1,6.249464789264615,167
"52","ENSMUSG00000005103","darkgreen","Wdr1","muscle",5.731028593781936e-7,1.3992943212072738e-7,"Wdr1",FALSE,"",1,6.241767424714344,87
"129","ENSMUSG00000052915","darkgreen","Msl1","muscle",6.652425278912309e-7,0.0011269143176670798,"Msl1",FALSE,"",1,6.177019994813148,128
"82","ENSMUSG00000048897","darkgreen","Zfp710","muscle",6.946890060965709e-7,0.08529514960183822,"Zfp710",FALSE,"",1,6.1582095740627025,88
"125","ENSMUSG00000017615","darkgreen","Tnfaip1","muscle",9.144221378340216e-7,8.637673712026166e-6,"Tnfaip1",FALSE,"",1,6.038853268370894,66
"126","ENSMUSG00000001105","darkgreen","Ift20","muscle",9.921941845341547e-7,0.11361169997795696,"Ift20",FALSE,"",1,6.00340332278676,129
"7","ENSMUSG00000026162","darkgreen","Nhej1","muscle",1.1855144896863828e-6,0.2773598332076386,"Nhej1",FALSE,"",1,5.926093133585932,149
"180","ENSMUSG00000042705","darkgreen","Commd10","muscle",1.3342780531245852e-6,2.0381965822016448e-4,"Commd10",FALSE,"",1,5.874753657410168,20
"99","ENSMUSG00000025812","darkgreen","Pard3","muscle",1.4978781958626762e-6,9.326024487708944e-10,"Pard3",FALSE,"",1,5.824523501066101,147
"119","ENSMUSG00000051790","darkgreen","Nlgn2","muscle",2.01955610269502e-6,0.12353938467212373,"Nlgn2",FALSE,"",1,5.694744077749038,105
"132","ENSMUSG00000062825","darkgreen","Actg1","muscle",2.0384799249529875e-6,0.020987198355268293,"Actg1",FALSE,"",1,5.690693561143426,34
"6","ENSMUSG00000026179","darkgreen","Pnkd","muscle",2.046883675093944e-6,0.001330315318372249,"Pnkd",FALSE,"",1,5.688906837699141,96
"190","ENSMUSG00000025076","darkgreen","Casp7","muscle",2.1063352245103246e-6,0.3712377777134999,"Casp7",FALSE,"",1,5.676472509423393,8
"93","ENSMUSG00000097296","darkgreen","Gm26532","muscle",2.591717174398122e-6,0.0771299509597746,"Gm26532",FALSE,"",1,5.5864123933492795,59
"20","ENSMUSG00000039157","darkgreen","Eeig1","muscle",2.9890905787455675e-6,3.8877708944249186e-4,"Eeig1",FALSE,"",1,5.524460924287135,41
"73","ENSMUSG00000062300","darkgreen","Nectin2","muscle",3.016209258047282e-6,0.007511721539361677,"Nectin2",FALSE,"",1,5.520538531349134,18
"155","ENSMUSG00000022463","darkgreen","Srebf2","muscle",3.026259173723212e-6,0.01135015740180909,"Srebf2",FALSE,"",1,5.519093881039238,17
"185","ENSMUSG00000024907","darkgreen","Gal","muscle",3.197861521075089e-6,0.05456691830022424,"Gal",FALSE,"",1,5.4951403466983155,152
"188","ENSMUSG00000025157","darkgreen","Zdhhc16","muscle",3.789041732702491e-6,0.002924305661067335,"Zdhhc16",FALSE,"",1,5.421470611356678,114
"58","ENSMUSG00000046562","darkgreen","Unc119b","muscle",4.060333621665876e-6,0.04655174494739381,"Unc119b",FALSE,"",1,5.391438280684913,115
"60","ENSMUSG00000036565","darkgreen","Ttyh3","muscle",4.530322761305206e-6,0.01755793505029714,"Ttyh3",FALSE,"",1,5.343870855722179,117
"43","ENSMUSG00000003032","darkgreen","Klf4","muscle",4.624149756833341e-6,0.00928151056224552,"Klf4",FALSE,"",1,5.334968109381392,94
"159","ENSMUSG00000023034","darkgreen","Nr4a1","muscle",4.7071979260029535e-6,0.002870115881867462,"Nr4a1",FALSE,"",1,5.327237540303191,73
"133","ENSMUSG00000093264","darkgreen",NA,"muscle",5.4068854683621024e-6,0.05310363817464494,"ENSMUSG00000093264",FALSE,"",1,5.267052829792815,14
"163","ENSMUSG00000022894","darkgreen","Adamts5","muscle",7.170465814899918e-6,0.0019651761580206824,"Adamts5",FALSE,"",1,5.144452630347619,156
"144","ENSMUSG00000034751","darkgreen","Mast4","muscle",7.536155190846495e-6,5.613406192099586e-5,"Mast4",FALSE,"",1,5.122850166765828,16
"167","ENSMUSG00000073423","darkgreen","Zfp414","muscle",8.650111264829342e-6,0.16283356246840333,"Zfp414",FALSE,"",1,5.062978306247251,89
"22","ENSMUSG00000075224","darkgreen","Lrrc55","muscle",9.557216515003905e-6,0.5834948195843032,"Lrrc55",FALSE,"",1,5.0196685751080885,27
"156","ENSMUSG00000016619","darkgreen","Nup50","muscle",1.0435072316316812e-5,3.346728346642183e-4,"Nup50",FALSE,"",1,4.981504536874663,155
"75","ENSMUSG00000008384","darkgreen","Sertad1","muscle",1.1226395932684647e-5,0.0077610086841250195,"Sertad1",FALSE,"",1,4.949759645142543,32
"110","ENSMUSG00000023259","darkgreen","Slc26a6","muscle",1.178152982558091e-5,0.07615604633825479,"Slc26a6",FALSE,"",1,4.9287983129724715,159
"103","ENSMUSG00000062257","darkgreen","Opcml","muscle",1.1956867979864045e-5,0.3575474502839573,"Opcml",FALSE,"",1,4.9223825659326215,111
"174","ENSMUSG00000038418","darkgreen","Egr1","muscle",1.3895111171949931e-5,0.33413292727041155,"Egr1",FALSE,"",1,4.857137974171154,63
"149","ENSMUSG00000061731","darkgreen","Ext1","muscle",1.4817669195411615e-5,0.12423434107084738,"Ext1",FALSE,"",1,4.829220105073314,49
"94","ENSMUSG00000053560","darkgreen","Ier2","muscle",1.863071300952252e-5,0.6783159962934704,"Ier2",FALSE,"",1,4.729770524052993,118
"30","ENSMUSG00000027716","darkgreen","Trpc3","muscle",1.8707788071037124e-5,1.9207158557727784e-4,"Trpc3",FALSE,"",1,4.727977558589301,72
"88","ENSMUSG00000041836","darkgreen","Ptpre","muscle",1.894368865480138e-5,0.30264745390461334,"Ptpre",FALSE,"",1,4.722535452658445,106
"141","ENSMUSG00000021365","darkgreen","Nedd9","muscle",1.905559556608129e-5,8.359574646242176e-5,"Nedd9",FALSE,"",1,4.719977473183039,126
"40","ENSMUSG00000052544","darkgreen","St6galnac3","muscle",2.0812426951187905e-5,6.719860960453406e-4,"St6galnac3",FALSE,"",1,4.681677273461998,162
"183","ENSMUSG00000045629","darkgreen","Sh3tc2","muscle",2.114174229366488e-5,0.6226434504658254,"Sh3tc2",FALSE,"",1,4.674859225290414,169
"39","ENSMUSG00000036960","darkgreen","Clca2","muscle",2.1806152294413575e-5,0.01712961192248159,"Clca2",FALSE,"",1,4.66142095912204,124
"176","ENSMUSG00000047910","darkgreen","Pcdhb16","muscle",2.247108274115499e-5,0.8314826102505886,"Pcdhb16",FALSE,"",1,4.64837600113761,99
"122","ENSMUSG00000040158","darkgreen","Tax1bp3","muscle",2.5055125414076615e-5,0.06245897268538357,"Tax1bp3",FALSE,"",1,4.601103419043831,133
"4","ENSMUSG00000066877","darkgreen","Nck2","muscle",2.6312812327308733e-5,2.4038306534622723e-4,"Nck2",FALSE,"",1,4.579832731809455,164
"26","ENSMUSG00000035877","darkgreen","Zhx3","muscle",3.004763768340808e-5,0.022486362748319597,"Zhx3",FALSE,"",1,4.522189666136735,7
"64","ENSMUSG00000041390","darkgreen","Mdfic","muscle",3.193624949447412e-5,0.629066307693173,"Mdfic",FALSE,"",1,4.495716087555482,144
"147","ENSMUSG00000033730","darkgreen","Egr3","muscle",3.259894069715347e-5,0.34685138751269756,"Egr3",FALSE,"",1,4.486796512105542,136
"186","ENSMUSG00000052387","darkgreen","Trpm3","muscle",4.602442353021853e-5,0.10908003194589545,"Trpm3",FALSE,"",1,4.337011642459211,15
"57","ENSMUSG00000042121","darkgreen","Ssh1","muscle",6.871488130417899e-5,0.01653813712621852,"Ssh1",FALSE,"",1,4.162949199353561,91
"29","ENSMUSG00000027524","darkgreen","Edn3","muscle",7.11687601776695e-5,0.002226895997294332,"Edn3",FALSE,"",1,4.147710599898616,57
"118","ENSMUSG00000020474","darkgreen","Polm","muscle",9.162738590593162e-5,0.23786287656047134,"Polm",FALSE,"",1,4.03797470351273,143
"8","ENSMUSG00000026240","darkgreen","Cops7b","muscle",9.586577164866721e-5,0.05022334499077791,"Cops7b",FALSE,"",1,4.01833642763183,93
"90","ENSMUSG00000031483","darkgreen","Erlin2","muscle",9.912126275974958e-5,0.22598489726983,"Erlin2",FALSE,"",1,4.00383317388282,131
"91","ENSMUSG00000031627","darkgreen","Irf2","muscle",1.0725094193055372e-4,0.0021597330989076057,"Irf2",FALSE,"",1,3.9695988849386183,171
"92","ENSMUSG00000003037","darkgreen","Rab8a","muscle",1.0950021310452939e-4,0.020682134583352194,"Rab8a",FALSE,"",1,3.960585035618099,3
"53","ENSMUSG00000039706","darkgreen","Ldb2","muscle",1.1600820553125502e-4,0.37270406881468665,"Ldb2",FALSE,"",1,3.9355112910238512,110
"47","ENSMUSG00000086606","darkgreen","Gm13205","muscle",1.2564320976560665e-4,0.20719185236566887,"Gm13205",FALSE,"",1,3.9008609773540392,107
"21","ENSMUSG00000079442","darkgreen","St6galnac4","muscle",1.465738744260322e-4,0.019528809238706035,"St6galnac4",FALSE,"",1,3.833943432176016,77
"123","ENSMUSG00000020834","darkgreen","Dhrs13","muscle",1.6280022854547706e-4,0.003969740792672234,"Dhrs13",FALSE,"",1,3.7883449897664128,145
"35","ENSMUSG00000049097","darkgreen","Ankrd34a","muscle",1.6966526578435708e-4,0.008111447980583693,"Ankrd34a",FALSE,"",1,3.770407058225547,90
"115","ENSMUSG00000014329","darkgreen","Bicc1","muscle",1.7160995378039183e-4,0.5532579097148835,"Bicc1",FALSE,"",1,3.7654575256567338,13
"158","ENSMUSG00000000531","darkgreen","Tamalin","muscle",2.282368752304105e-4,0.5605321458211647,"Tamalin",FALSE,"",1,3.6416141871951777,12
"116","ENSMUSG00000019927","darkgreen","Ube2d1","muscle",2.3157670934273613e-4,0.008408814628082502,"Ube2d1",FALSE,"",1,3.6353051215964456,151
"106","ENSMUSG00000052698","darkgreen","Tln2","muscle",2.3873212955705268e-4,0.21509527236803871,"Tln2",FALSE,"",1,3.622089127912729,33
"27","ENSMUSG00000017670","darkgreen","Elmo2","muscle",2.597579546225234e-4,0.18751374241081967,"Elmo2",FALSE,"",1,3.585431144075806,52
"197","ENSMUSG00000033460","darkgreen","Armcx1","muscle",3.4929207360999366e-4,0.7935272736960315,"Armcx1",FALSE,"",1,3.456811269577067,130
"113","ENSMUSG00000019861","darkgreen","Gopc","muscle",3.6444646690988303e-4,0.029343257390372215,"Gopc",FALSE,"",1,3.4383662556397545,37
"194","ENSMUSG00000036959","darkgreen","Bcorl1","muscle",4.8457075201199177e-4,0.00173113251675168,"Bcorl1",FALSE,"",1,3.314642802792684,122
"17","ENSMUSG00000035513","darkgreen","Ntng2","muscle",5.109618039309461e-4,0.34524950990099235,"Ntng2",FALSE,"",1,3.291611563587443,30
"140","ENSMUSG00000084691","darkgreen","Gm24895","muscle",5.136802690931371e-4,0.15174790973422325,"Gm24895",FALSE,"",1,3.2893071155848768,68
"63","ENSMUSG00000062995","darkgreen","Ica1","muscle",5.331068355822718e-4,0.1314122750030693,"Ica1",FALSE,"",1,3.2731857488450813,6
"98","ENSMUSG00000031980","darkgreen","Agt","muscle",5.457552569539377e-4,0.43430552191711075,"Agt",FALSE,"",1,3.263002072283796,64
"74","ENSMUSG00000055200","darkgreen","Sertad3","muscle",5.68150479492476e-4,0.04022370334974006,"Sertad3",FALSE,"",1,3.245536622461717,21
"161","ENSMUSG00000005958","darkgreen","Ephb3","muscle",6.182323028258516e-4,0.24543572465873956,"Ephb3",FALSE,"",1,3.2088483066610953,92
"1","ENSMUSG00000004768","darkgreen","Rab23","muscle",6.208767161590522e-4,0.882972215183548,"Rab23",FALSE,"",1,3.206994626566076,168
"3","ENSMUSG00000091937","darkgreen","Gm3646","muscle",6.402049385951448e-4,0.8449686405698049,"Gm3646",FALSE,"",1,3.193680979994531,55
"143","ENSMUSG00000021681","darkgreen","Aggf1","muscle",7.135549333331336e-4,0.013920354630072875,"Aggf1",FALSE,"",1,3.1465725869149983,65
"87","ENSMUSG00000109635","darkgreen","Gm45670","muscle",8.275585988573197e-4,0.22912601027886118,"Gm45670",FALSE,"",1,3.0822012443687514,178
"114","ENSMUSG00000019917","darkgreen","Septin10","muscle",9.066997162164116e-4,0.03777464735772788,"Septin10",FALSE,"",1,3.042536520197791,81
"97","ENSMUSG00000031792","darkgreen","Usb1","muscle",9.296478136062628e-4,0.1774097042328462,"Usb1",FALSE,"",1,3.0316815477642507,109
"10","ENSMUSG00000026398","darkgreen","Nr5a2","muscle",0.0010497106213602516,0.9972093115885773,"Nr5a2",FALSE,"",1,2.9789304084230284,38
"101","ENSMUSG00000038884","darkgreen","Shfl","muscle",0.001175240208749315,0.19979862789981706,"Shfl",FALSE,"",1,2.9298733583518835,100
"150","ENSMUSG00000116069","darkgreen","Gm49510","muscle",0.0012174773712885535,0.8566812246259038,"Gm49510",FALSE,"",1,2.9145391020770597,123
"41","ENSMUSG00000049119","darkgreen","Fam110b","muscle",0.0012192825608344957,0.0014324734553757047,"Fam110b",FALSE,"",1,2.913895637785255,166
"13","ENSMUSG00000026637","darkgreen","Traf5","muscle",0.0012391996990164002,0.871333960299062,"Traf5",FALSE,"",1,2.9068587007326565,121
"76","ENSMUSG00000046058","darkgreen","Eid2","muscle",0.0016121118290031774,0.0414885808792172,"Eid2",FALSE,"",1,2.7926048353383295,80
"24","ENSMUSG00000068079","darkgreen","Tcf15","muscle",0.0017683749137157357,0.319354644468852,"Tcf15",FALSE,"",1,2.7524256546529,160
"151","ENSMUSG00000116165","darkgreen","Pdxp","muscle",0.0021305291344359224,0.3591444937997924,"Pdxp",FALSE,"",1,2.671512522557993,46
"177","ENSMUSG00000038524","darkgreen","Fchsd1","muscle",0.0021449112304119155,0.03589096183219943,"Fchsd1",FALSE,"",1,2.668590676877866,108
"72","ENSMUSG00000003545","darkgreen","Fosb","muscle",0.00218033371419103,0.19297443440190842,"Fosb",FALSE,"",1,2.6614770297257273,104
"170","ENSMUSG00000117222","darkgreen","Gm49906","muscle",0.0024034454676331207,0.008701198339309404,"Gm49906",FALSE,"",1,2.6191657272381406,163
"166","ENSMUSG00000024012","darkgreen","Mtch1","muscle",0.00243789077535728,0.2687383270961031,"Mtch1",FALSE,"",1,2.6129857559457883,153
"168","ENSMUSG00000092412","darkgreen","Gm20507","muscle",0.002506742565800037,0.5136412777192203,"Gm20507",FALSE,"",1,2.6008902643637466,40
"175","ENSMUSG00000073599","darkgreen","Ecscr","muscle",0.002791984329761712,0.41653314941376546,"Ecscr",FALSE,"",1,2.5540870235550073,137
"196","ENSMUSG00000059327","darkgreen","Eda","muscle",0.00279782007019789,0.07579785560620558,"Eda",FALSE,"",1,2.5531802187336954,170
"33","ENSMUSG00000106383","darkgreen","E330034L11Rik","muscle",0.0028336222118307314,0.5633074588190081,"E330034L11Rik",FALSE,"",1,2.547658051849331,120
"191","ENSMUSG00000031149","darkgreen","Praf2","muscle",0.0028348775143867016,0.49722244107735514,"Praf2",FALSE,"",1,2.5474657007834685,61
"61","ENSMUSG00000023964","darkgreen","Calcr","muscle",0.002940067518332358,0.3884460119262734,"Calcr",FALSE,"",1,2.531642695947547,45
"184","ENSMUSG00000034006","darkgreen","Slc66a2","muscle",0.003229906627116875,0.0019973733697456774,"Slc66a2",FALSE,"",1,2.490810032441046,53
"187","ENSMUSG00000100075","darkgreen","1700018L02Rik","muscle",0.00329680151644298,0.36810750088625266,"1700018L02Rik",FALSE,"",1,2.4819071987192522,127
"78","ENSMUSG00000030493","darkgreen","Faap24","muscle",0.003423682399959756,0.17054756873715765,"Faap24",FALSE,"",1,2.465506529725727,161
"111","ENSMUSG00000061536","darkgreen","Sec22c","muscle",0.0034285766686464746,0.4225144821339493,"Sec22c",FALSE,"",1,2.464886134546919,176
"134","ENSMUSG00000098955","darkgreen","Mir6935","muscle",0.005437372149062961,0.4708964860783763,"Mir6935",FALSE,"",1,2.2646109416436047,44
"77","ENSMUSG00000078768","darkgreen","Zfp566","muscle",0.005545383652090771,0.04569478974180586,"Zfp566",FALSE,"",1,2.2560684022249733,138
"11","ENSMUSG00000103393","darkgreen","Gm38304","muscle",0.005634177277581721,0.519027663004392,"Gm38304",FALSE,"",1,2.249169492198621,2
"69","ENSMUSG00000030207","darkgreen","Fam234b","muscle",0.006092653950436072,0.05269266314136752,"Fam234b",FALSE,"",1,2.2151934881620887,48
"108","ENSMUSG00000037784","darkgreen","Dzip1l","muscle",0.006185252782362468,0.7113391395547021,"Dzip1l",FALSE,"",1,2.208642546682913,97
"173","ENSMUSG00000097440","darkgreen","Gm6277","muscle",0.006980551321812224,0.4024455023524226,"Gm6277",FALSE,"",1,2.1561102755766584,102
"154","ENSMUSG00000092868","darkgreen","Mir5113","muscle",0.007132829704780594,0.029011170931916665,"Mir5113",FALSE,"",1,2.1467381445699445,28
"160","ENSMUSG00000000884","darkgreen","Gnb1l","muscle",0.00803866693884952,0.25006933049764557,"Gnb1l",FALSE,"",1,2.0948159648214824,60
"31","ENSMUSG00000102544","darkgreen","Gm5103","muscle",0.00809882404474929,0.8596713880442743,"Gm5103",FALSE,"",1,2.0915780364241097,134
"164","ENSMUSG00000062012","darkgreen","Zfp13","muscle",0.00915111780765568,0.5060075185936328,"Zfp13",FALSE,"",1,2.0385258536880664,174
"95","ENSMUSG00000008167","darkgreen","Fbxw9","muscle",0.00928277206690509,0.5070865486623559,"Fbxw9",FALSE,"",1,2.0323223132653854,76
"83","ENSMUSG00000092071","darkgreen","A230065N10Rik","muscle",0.00955253804941357,0.9796223733578403,"A230065N10Rik",FALSE,"",1,2.0198812237659665,113
"55","ENSMUSG00000029380","darkgreen","Cxcl1","muscle",0.010006471607927619,0.35271789222189265,"Cxcl1",FALSE,"",1,1.999719032544557,158
"138","ENSMUSG00000021250","darkgreen","Fos","muscle",0.010017368265380196,0.9272115748470751,"Fos",FALSE,"",1,1.999246360100118,62
"2","ENSMUSG00000026088","darkgreen","Mitd1","muscle",0.010180998422646293,0.8995643209626866,"Mitd1",FALSE,"",1,1.992209629839756,5
"81","ENSMUSG00000030553","darkgreen","Pgpep1l","muscle",0.010242091257977934,0.5973521297238843,"Pgpep1l",FALSE,"",1,1.9896113588804862,74
"109","ENSMUSG00000032609","darkgreen","Klhdc8b","muscle",0.011688290466460508,0.38787162574509987,"Klhdc8b",FALSE,"",1,1.9322490042594622,140
"50","ENSMUSG00000025747","darkgreen","Tyms","muscle",0.01186383000344137,0.3709304155358045,"Tyms",FALSE,"",1,1.9257750849311492,35
"44","ENSMUSG00000035275","darkgreen","Raver2","muscle",0.012614065871433608,0.7531748044014809,"Raver2",FALSE,"",1,1.8991449054240819,36
"25","ENSMUSG00000027489","darkgreen","Necab3","muscle",0.013593180923728649,0.4668390263317698,"Necab3",FALSE,"",1,1.8666789026513548,98
"32","ENSMUSG00000074480","darkgreen","Mex3a","muscle",0.014319887705350844,0.29497153297205936,"Mex3a",FALSE,"",1,1.8440603876942034,58
"49","ENSMUSG00000028967","darkgreen","Errfi1","muscle",0.016870880954066254,0.2351854919744835,"Errfi1",FALSE,"",1,1.7728622390765187,154
"46","ENSMUSG00000028882","darkgreen","Ppp1r8","muscle",0.018108139592747527,0.3209319987109145,"Ppp1r8",FALSE,"",1,1.742126166257286,71
"85","ENSMUSG00000098399","darkgreen",NA,"muscle",0.018407969644599214,0.47190711125527945,"ENSMUSG00000098399",FALSE,"",1,1.734994110505967,112
"89","ENSMUSG00000038457","darkgreen","Tmem255b","muscle",0.02318002084654595,0.24387884727172077,"Tmem255b",FALSE,"",1,1.6348861777971078,177
"165","ENSMUSG00000024190","darkgreen","Dusp1","muscle",0.025695531649303417,0.9953798890183315,"Dusp1",FALSE,"",1,1.5901423921850684,135
"148","ENSMUSG00000022070","darkgreen","Bora","muscle",0.026457860588889482,0.8357889105045626,"Bora",FALSE,"",1,1.5774452762484503,67
"172","ENSMUSG00000041238","darkgreen","Rbbp8","muscle",0.030112410079501963,0.31126030187983156,"Rbbp8",FALSE,"",1,1.5212544838648137,10
"135","ENSMUSG00000043644","darkgreen","0610009L18Rik","muscle",0.032354982497352094,0.02343102678374885,"0610009L18Rik",FALSE,"",1,1.4900588307762648,29
"14","ENSMUSG00000043415","darkgreen","Otud1","muscle",0.03314098301612139,0.4840688805193357,"Otud1",FALSE,"",1,1.4796346138362497,95
"36","ENSMUSG00000042035","darkgreen","Igsf3","muscle",0.03847778112583656,0.19672633446643004,"Igsf3",FALSE,"",1,1.4147899801006913,22
"9","ENSMUSG00000020423","darkgreen","Btg2","muscle",0.044294916912328064,0.8935132170404798,"Btg2",FALSE,"",1,1.3536461086208766,148
"66","ENSMUSG00000030272","darkgreen","Camk1","muscle",0.045544654907964624,0.8443266535000755,"Camk1",FALSE,"",1,1.3415625842274623,103
"54","ENSMUSG00000092060","darkgreen","Bend4","muscle",0.0486419957482452,0.5935650447056484,"Bend4",FALSE,"",1,1.3129886145603835,172
"139","ENSMUSG00000021256","darkgreen","Vash1","muscle",0.04968303696664057,0.011605470951748494,"Vash1",FALSE,"",1,1.3037918649743576,26
"137","ENSMUSG00000019235","darkgreen","Rps6kl1","muscle",0.053666834508798555,0.012298478968523015,"Rps6kl1",FALSE,"",1,1.2702940204369235,146
"127","ENSMUSG00000039096","darkgreen","Rsad1","muscle",0.055503468003176154,0.6199918183133674,"Rsad1",FALSE,"",1,1.2556798801640263,43
"162","ENSMUSG00000052504","darkgreen","Epha3","muscle",0.0596449508701955,0.8513881423616999,"Epha3",FALSE,"",1,1.2244263148104697,139
"169","ENSMUSG00000067370","darkgreen","B3galt4","muscle",0.07359022764482469,0.7154167630119485,"B3galt4",FALSE,"",1,1.1331798536205169,141
"51","ENSMUSG00000029161","darkgreen","Cgref1","muscle",0.07918689564951743,0.26932268880690546,"Cgref1",FALSE,"",1,1.1013466822739044,79
"96","ENSMUSG00000055368","darkgreen","Slc6a2","muscle",0.11906626895905863,0.20346679055788155,"Slc6a2",FALSE,"",1,0.9242112551401193,69
"100","ENSMUSG00000037419","darkgreen","Endod1","muscle",0.12747945963360327,0.32929606606893824,"Endod1",FALSE,"",1,0.894559786103872,24
"18","ENSMUSG00000079499","darkgreen","6530402F18Rik","muscle",0.16386097616863735,0.5994562196037576,"6530402F18Rik",FALSE,"",1,0.7855244622473431,25
"5","ENSMUSG00000039372","darkgreen","Marchf4","muscle",0.24206860884503048,0.4571650756923708,"Marchf4",FALSE,"",1,0.6160615256731006,42
"145","ENSMUSG00000032846","darkgreen","Zswim6","muscle",0.41325968653151723,0.5719021259989445,"Zswim6",FALSE,"",1,0.38377695806411577,78
