ensembl_gene_id,gene_symbol,organ,module,MM.pval_b2,MM.pval,deseq2_sum.pval,is.hub_b1_MM,is.hub_b2_MM
ENSMUSG00000003526,Prodh,muscle,orange,6.35559737448272e-13,3.0463670475651e-11,1.65221209274781e-09,FALSE,TRUE
ENSMUSG00000030256,Bhlhe41,muscle,darkgreen,9.02197492969173e-13,1.13691605495091e-10,1.74423660306102e-05,TRUE,TRUE
ENSMUSG00000039936,Pik3cd,muscle,darkgreen,1.51427603380852e-12,4.33523568972711e-11,0.000211295780943966,TRUE,TRUE
ENSMUSG00000038518,Jarid2,muscle,darkgreen,1.96148953131567e-12,5.70422545078166e-09,0.00240143622498369,FALSE,TRUE
ENSMUSG00000032014,Oaf,muscle,darkgreen,3.00975842298046e-12,3.40809804904742e-10,7.0690942961902e-05,TRUE,TRUE
ENSMUSG00000040170,Fmo2,muscle,orange,5.76130198807156e-12,5.68213288028525e-15,8.77109985026809e-09,TRUE,TRUE
ENSMUSG00000074818,Pdzd7,muscle,darkgreen,6.4677742468371e-12,4.67414807134423e-09,0.000438443529316785,FALSE,TRUE
ENSMUSG00000086938,4930481A15Rik,muscle,orange,1.20436012233655e-11,3.23332777444202e-10,1.10077710974015e-08,FALSE,TRUE
ENSMUSG00000010830,Kdelr3,muscle,darkgreen,1.49824303336268e-11,1.34124576275517e-11,8.41828581581798e-05,TRUE,TRUE
ENSMUSG00000024247,Pkdcc,muscle,darkgreen,3.32479459753468e-11,2.38936331211912e-12,4.83597236669008e-09,TRUE,TRUE
ENSMUSG00000030403,Vasp,muscle,darkgreen,3.97544963517894e-11,2.43227425832272e-13,3.12612428282396e-08,TRUE,TRUE
ENSMUSG00000041417,Pik3r1,muscle,orange,7.27766467738312e-11,2.7828255247165e-13,9.86977433458282e-13,TRUE,TRUE
ENSMUSG00000024066,Xdh,muscle,orange,1.24111059866163e-10,3.01299251318887e-18,5.31884534201996e-12,TRUE,TRUE
ENSMUSG00000039515,Ptpa,muscle,darkgreen,1.43198720402037e-10,5.72400890618106e-10,0.000631762343525702,FALSE,TRUE
ENSMUSG00000032086,Bace1,muscle,darkgreen,1.96369748983664e-10,2.17300474022341e-07,1.69902400622867e-08,FALSE,TRUE
ENSMUSG00000020744,Slc25a19,muscle,darkgreen,2.2670573976342e-10,2.30165481170118e-11,0.0213828712170102,TRUE,TRUE
ENSMUSG00000026473,Glul,muscle,orange,2.74281336945875e-10,6.21967631500002e-15,1.5614298519337e-10,TRUE,TRUE
ENSMUSG00000024440,Pcdh12,muscle,darkgreen,2.913988242235e-10,1.3662014559672e-08,0.108527096370642,FALSE,TRUE
ENSMUSG00000023259,Slc26a6,muscle,darkgreen,3.22985606173421e-10,1.17815298255809e-05,0.0761560463382548,FALSE,TRUE
ENSMUSG00000004328,Hif3a,muscle,orange,5.22131851469143e-10,1.99302281099672e-11,1.91425507612367e-08,TRUE,TRUE
ENSMUSG00000027889,Ampd2,muscle,darkgreen,5.78739149525111e-10,1.18499862648297e-08,9.24796534647414e-06,FALSE,TRUE
ENSMUSG00000048897,Zfp710,muscle,darkgreen,5.97005443416553e-10,6.94689006096571e-07,0.0852951496018382,FALSE,TRUE
ENSMUSG00000026991,Pkp4,muscle,orange,7.0689885554655e-10,1.28199608137535e-13,1.25124536047469e-09,TRUE,TRUE
ENSMUSG00000032766,Gng11,muscle,darkgreen,7.93083092709875e-10,4.70049963100468e-11,6.67685014867364e-08,TRUE,TRUE
ENSMUSG00000029312,Klhl8,muscle,darkgreen,1.15648979928605e-09,3.65838447000597e-14,1.90917952435783e-06,TRUE,TRUE
ENSMUSG00000069833,Ahnak,muscle,orange,1.22214949061508e-09,1.01983898045558e-10,4.82759340895545e-09,FALSE,TRUE
ENSMUSG00000034118,Tpst1,muscle,darkgreen,1.380518691028e-09,2.8297398409359e-08,0.0325796819808163,FALSE,TRUE
ENSMUSG00000032193,Ldlr,muscle,darkgreen,2.05241170560074e-09,3.33662186361235e-10,0.000914658717428128,TRUE,TRUE
ENSMUSG00000025076,Casp7,muscle,darkgreen,2.68993525309915e-09,2.10633522451032e-06,0.3712377777135,FALSE,TRUE
ENSMUSG00000113737,BB123696,muscle,orange,3.71601340501897e-09,2.85244036168324e-07,0.000418433411643734,FALSE,TRUE
ENSMUSG00000002910,Arrdc2,muscle,orange,4.14905694733496e-09,6.04517776288457e-09,0.00476695109471146,FALSE,TRUE
ENSMUSG00000017670,Elmo2,muscle,darkgreen,4.48695554817017e-09,0.000259757954622523,0.18751374241082,FALSE,FALSE
ENSMUSG00000057133,Chd6,muscle,orange,4.49097536918828e-09,3.62665940263712e-07,3.72112782456368e-08,FALSE,TRUE
ENSMUSG00000099227,Mir8114,muscle,orange,4.5167024274953e-09,9.54737143238065e-14,9.07272145076364e-13,TRUE,TRUE
ENSMUSG00000030287,Itpr2,muscle,orange,4.81653067678247e-09,2.71313385606197e-08,0.000101034365724019,FALSE,TRUE
ENSMUSG00000059824,Dbp,muscle,darkgreen,4.85085814929346e-09,4.76136410989465e-10,0.00175082101728332,TRUE,FALSE
ENSMUSG00000023032,Slc4a8,muscle,orange,5.15532829226578e-09,9.38525034699016e-07,0.000748563461867707,FALSE,TRUE
ENSMUSG00000001151,Pcnt,muscle,orange,9.29980950778681e-09,1.37850455230306e-10,5.6100591586131e-06,FALSE,TRUE
ENSMUSG00000061981,Flot2,muscle,darkgreen,1.14696127431364e-08,5.00876062021906e-07,0.205211817154216,FALSE,FALSE
ENSMUSG00000002831,Plin4,muscle,orange,1.37132190742917e-08,4.664484619505e-10,1.67878974569144e-05,FALSE,TRUE
ENSMUSG00000074794,Arrdc3,muscle,orange,1.5838751211984e-08,8.68465962910126e-13,1.345850962019e-09,TRUE,TRUE
ENSMUSG00000061731,Ext1,muscle,darkgreen,2.10769554325186e-08,1.48176691954116e-05,0.124234341070847,FALSE,FALSE
ENSMUSG00000039621,Prex1,muscle,darkgreen,2.8097146472001e-08,3.32225916555947e-08,0.0107897414180058,FALSE,FALSE
ENSMUSG00000024210,Ip6k3,muscle,orange,4.22033595698967e-08,3.43903451764137e-10,2.86276654289961e-09,FALSE,TRUE
ENSMUSG00000024481,Lvrn,muscle,orange,4.68012614383204e-08,5.48037011554057e-09,0.000253977190145213,FALSE,TRUE
ENSMUSG00000066877,Nck2,muscle,darkgreen,5.29998508375496e-08,2.63128123273087e-05,0.000240383065346227,FALSE,FALSE
ENSMUSG00000019917,Septin10,muscle,darkgreen,7.3394127466833e-08,0.000906699716216412,0.0377746473577279,FALSE,FALSE
ENSMUSG00000093273,Mir3064,muscle,orange,7.36536862295656e-08,6.87455772901661e-09,2.80726869391679e-05,FALSE,FALSE
ENSMUSG00000022894,Adamts5,muscle,darkgreen,7.49827870725912e-08,7.17046581489992e-06,0.00196517615802068,FALSE,FALSE
ENSMUSG00000022463,Srebf2,muscle,darkgreen,7.51853650472271e-08,3.02625917372321e-06,0.0113501574018091,FALSE,FALSE
ENSMUSG00000027074,Slc43a3,muscle,orange,9.4925956177967e-08,1.6869085028263e-19,2.63011591930086e-08,TRUE,FALSE
ENSMUSG00000029456,Acad10,muscle,orange,9.84355064547475e-08,1.74510617159044e-10,8.2189034940361e-07,FALSE,FALSE
ENSMUSG00000041488,Stx3,muscle,orange,1.20927517681479e-07,2.55723739788965e-10,0.000467085214306607,FALSE,FALSE
ENSMUSG00000026994,Galnt3,muscle,orange,1.48169587164179e-07,7.51958631376808e-06,2.9634456308266e-06,FALSE,FALSE
ENSMUSG00000032202,Rab27a,muscle,orange,1.67248863317283e-07,4.0822682105298e-09,0.000200644289695391,FALSE,FALSE
ENSMUSG00000000489,Pdgfb,muscle,darkgreen,1.87905834917987e-07,3.99469115320777e-11,0.00745045523467463,TRUE,FALSE
ENSMUSG00000029455,Aldh2,muscle,orange,2.21850732282051e-07,1.68506605817203e-10,2.89928369428205e-05,FALSE,FALSE
ENSMUSG00000045968,Teddm2,muscle,orange,2.39970434192379e-07,1.078887365735e-07,5.83017047821518e-06,FALSE,FALSE
ENSMUSG00000117222,Gm49906,muscle,darkgreen,3.22081146816006e-07,0.00240344546763312,0.0087011983393094,FALSE,FALSE
ENSMUSG00000005103,Wdr1,muscle,darkgreen,3.49281921790146e-07,5.73102859378194e-07,1.39929432120727e-07,FALSE,FALSE
ENSMUSG00000030123,Plxnd1,muscle,darkgreen,3.94740388263757e-07,9.23970377299789e-11,0.0192371762783187,TRUE,FALSE
ENSMUSG00000026240,Cops7b,muscle,darkgreen,4.87799142344655e-07,9.58657716486672e-05,0.0502233449907779,FALSE,FALSE
ENSMUSG00000062995,Ica1,muscle,darkgreen,5.02282136307306e-07,0.000533106835582272,0.131412275003069,FALSE,FALSE
ENSMUSG00000091937,Gm3646,muscle,darkgreen,5.60884757503555e-07,0.000640204938595145,0.844968640569805,FALSE,FALSE
ENSMUSG00000030084,Plxna1,muscle,darkgreen,5.639456321956e-07,8.15151888206623e-08,0.0112408539698219,FALSE,FALSE
ENSMUSG00000049907,Rasl11b,muscle,orange,6.55197866888563e-07,9.2934194712747e-06,0.00132467598985997,FALSE,FALSE
ENSMUSG00000030207,Fam234b,muscle,darkgreen,8.0716827871977e-07,0.00609265395043607,0.0526926631413675,FALSE,FALSE
ENSMUSG00000039706,Ldb2,muscle,darkgreen,9.03255032288146e-07,0.000116008205531255,0.372704068814687,FALSE,FALSE
ENSMUSG00000021750,Fam107a,muscle,orange,9.16557614169988e-07,1.05655459473377e-10,1.02019576445989e-06,FALSE,FALSE
ENSMUSG00000031442,Mcf2l,muscle,orange,9.41459775372106e-07,5.8137524495666e-12,6.0895454601705e-06,TRUE,FALSE
ENSMUSG00000042213,Zfand4,muscle,orange,9.65357472029683e-07,6.99955049220438e-08,3.0075009673187e-06,FALSE,FALSE
ENSMUSG00000044167,Foxo1,muscle,orange,1.40124543800825e-06,8.20540754173108e-05,0.000102388639228064,FALSE,FALSE
ENSMUSG00000056749,Nfil3,muscle,orange,1.84576765698008e-06,3.59526031547201e-07,0.00163562858285065,FALSE,FALSE
ENSMUSG00000020848,Doc2b,muscle,orange,2.34868666288535e-06,1.11819626409507e-10,3.57416282457737e-11,FALSE,FALSE
ENSMUSG00000002108,Nr1h3,muscle,orange,3.08002940677841e-06,6.82810460278003e-06,0.00446818922165636,FALSE,FALSE
ENSMUSG00000052387,Trpm3,muscle,darkgreen,3.13020727216487e-06,4.60244235302185e-05,0.109080031945895,FALSE,FALSE
ENSMUSG00000040451,Sgms1,muscle,orange,3.50469445197638e-06,4.98194745117876e-07,0.000658198463535805,FALSE,FALSE
ENSMUSG00000021265,Slc25a29,muscle,orange,3.50857513873573e-06,6.89390334679689e-11,3.02498560300124e-09,FALSE,FALSE
ENSMUSG00000000805,Car4,muscle,orange,4.08124459045237e-06,2.33754814917874e-08,2.65520069073226e-05,FALSE,FALSE
ENSMUSG00000041390,Mdfic,muscle,darkgreen,8.01853981799554e-06,3.19362494944741e-05,0.629066307693173,FALSE,FALSE
ENSMUSG00000073375,Lrrc30,muscle,orange,8.7350771391263e-06,7.36495632426078e-09,4.16634207411926e-05,FALSE,FALSE
ENSMUSG00000038524,Fchsd1,muscle,darkgreen,9.02201612155379e-06,0.00214491123041192,0.0358909618321994,FALSE,FALSE
ENSMUSG00000037010,Apln,muscle,darkgreen,1.02473574207222e-05,2.05050470636658e-09,0.0349685162429688,FALSE,FALSE
ENSMUSG00000031483,Erlin2,muscle,darkgreen,1.05423279404844e-05,9.91212627597496e-05,0.22598489726983,FALSE,FALSE
ENSMUSG00000000884,Gnb1l,muscle,darkgreen,1.08242393338702e-05,0.00803866693884952,0.250069330497646,FALSE,FALSE
ENSMUSG00000021260,Hhipl1,muscle,orange,1.0986076514325e-05,5.13551899734333e-06,0.00531693256135694,FALSE,FALSE
ENSMUSG00000039096,Rsad1,muscle,darkgreen,1.17933239061682e-05,0.0555034680031762,0.619991818313367,FALSE,FALSE
ENSMUSG00000025265,Fgd1,muscle,darkgreen,1.22021818641931e-05,2.78509297913784e-07,0.00265276070526304,FALSE,FALSE
ENSMUSG00000059939,9430015G10Rik,muscle,orange,1.23238238148605e-05,2.89038836786563e-06,0.153923129909247,FALSE,FALSE
ENSMUSG00000038457,Tmem255b,muscle,darkgreen,1.27918099272955e-05,0.023180020846546,0.243878847271721,FALSE,FALSE
ENSMUSG00000024907,Gal,muscle,darkgreen,1.46101628189009e-05,3.19786152107509e-06,0.0545669183002242,FALSE,FALSE
ENSMUSG00000023034,Nr4a1,muscle,darkgreen,1.67975751888946e-05,4.70719792600295e-06,0.00287011588186746,FALSE,FALSE
ENSMUSG00000059436,Max,muscle,orange,1.88298464125802e-05,8.23155298365195e-12,0.000126358910189083,TRUE,FALSE
ENSMUSG00000030768,Disp1,muscle,darkgreen,2.00894481447265e-05,7.09631008247604e-08,0.23537055668026,FALSE,FALSE
ENSMUSG00000030711,Sult1a1,muscle,orange,2.24679712699496e-05,1.69683412646857e-14,2.90415841328836e-07,TRUE,FALSE
ENSMUSG00000029189,Sel1l3,muscle,orange,2.28232002325639e-05,1.64194434535374e-05,5.99396497974436e-05,FALSE,FALSE
ENSMUSG00000003545,Fosb,muscle,darkgreen,2.50325187947372e-05,0.00218033371419103,0.192974434401908,FALSE,FALSE
ENSMUSG00000085411,Gm14319,muscle,orange,2.51864510379933e-05,6.31251890614655e-12,1.26392089523232e-08,TRUE,FALSE
ENSMUSG00000034751,Mast4,muscle,darkgreen,2.65692835042984e-05,7.5361551908465e-06,5.61340619209959e-05,FALSE,FALSE
ENSMUSG00000024535,Snx24,muscle,darkgreen,2.94234529296565e-05,3.19302462463751e-10,0.00104476140076282,TRUE,FALSE
ENSMUSG00000021256,Vash1,muscle,darkgreen,3.13164665107317e-05,0.0496830369666406,0.0116054709517485,FALSE,FALSE
ENSMUSG00000026637,Traf5,muscle,darkgreen,3.29801151323913e-05,0.0012391996990164,0.871333960299062,FALSE,FALSE
ENSMUSG00000031949,Adat1,muscle,orange,3.37436486589885e-05,4.89525999071342e-07,0.000414747415611234,FALSE,FALSE
ENSMUSG00000062232,Rapgef2,muscle,orange,3.90345978796844e-05,2.64456171950135e-05,0.00157703426579729,FALSE,FALSE
ENSMUSG00000030317,Timp4,muscle,orange,3.90420428340103e-05,1.81447789803127e-08,0.000446069601604929,FALSE,FALSE
ENSMUSG00000032735,Ablim3,muscle,orange,4.15518064807916e-05,4.45066751413003e-06,0.000272709731814795,FALSE,FALSE
ENSMUSG00000049928,Glp2r,muscle,orange,4.20804229285303e-05,3.57152046127466e-06,0.00104185656936472,FALSE,FALSE
ENSMUSG00000072919,Noxred1,muscle,orange,4.25140758325467e-05,7.54911000023763e-05,0.134011958020866,FALSE,FALSE
ENSMUSG00000027524,Edn3,muscle,darkgreen,4.29298734256166e-05,7.11687601776695e-05,0.00222689599729433,FALSE,FALSE
ENSMUSG00000038418,Egr1,muscle,darkgreen,4.42120911996078e-05,1.38951111719499e-05,0.334132927270412,FALSE,FALSE
ENSMUSG00000115219,Eef1akmt4,muscle,orange,4.87673668165627e-05,0.013895447276227,0.20039423348925,FALSE,FALSE
ENSMUSG00000020743,Mif4gd,muscle,darkgreen,5.16161910058568e-05,1.33668993006946e-07,0.00944447936775404,FALSE,FALSE
ENSMUSG00000037621,Atoh8,muscle,orange,5.18667396434623e-05,1.46000252206983e-05,0.00068602262195526,FALSE,FALSE
ENSMUSG00000038065,Mturn,muscle,orange,5.37858081713282e-05,1.22237385014709e-08,1.16170262084165e-05,FALSE,FALSE
ENSMUSG00000024778,Fas,muscle,orange,5.458303284149e-05,2.56701663529165e-08,0.00012947901971652,FALSE,FALSE
ENSMUSG00000035877,Zhx3,muscle,darkgreen,5.67838497406986e-05,3.00476376834081e-05,0.0224863627483196,FALSE,FALSE
ENSMUSG00000058706,0610030E20Rik,muscle,orange,5.90812951334276e-05,3.00446572576699e-07,0.000137084132294446,FALSE,FALSE
ENSMUSG00000033460,Armcx1,muscle,darkgreen,6.33748541951945e-05,0.000349292073609994,0.793527273696031,FALSE,FALSE
ENSMUSG00000027845,Dclre1b,muscle,orange,6.71775176391628e-05,3.11750496264589e-05,0.014206711440206,FALSE,FALSE
ENSMUSG00000028214,Gem,muscle,darkgreen,7.04798750499674e-05,3.08982790895221e-07,0.0402200608543964,FALSE,FALSE
ENSMUSG00000087057,Gm11730,muscle,orange,7.46006020541504e-05,2.39126953161457e-07,0.00906934728510721,FALSE,FALSE
ENSMUSG00000070407,Hs3st3b1,muscle,orange,7.5521135843835e-05,0.0414260440350371,0.094122399185288,FALSE,FALSE
ENSMUSG00000036158,Prickle1,muscle,orange,8.07691935530083e-05,6.24199082024405e-11,6.6245175366227e-07,FALSE,FALSE
ENSMUSG00000023964,Calcr,muscle,darkgreen,8.19083957775238e-05,0.00294006751833236,0.388446011926273,FALSE,FALSE
ENSMUSG00000030272,Camk1,muscle,darkgreen,8.44414164683664e-05,0.0455446549079646,0.844326653500076,FALSE,FALSE
ENSMUSG00000033730,Egr3,muscle,darkgreen,8.58873201213176e-05,3.25989406971535e-05,0.346851387512698,FALSE,FALSE
ENSMUSG00000039735,Fnbp1l,muscle,orange,9.97568732070659e-05,1.3964060472753e-06,0.00266014900160761,FALSE,FALSE
ENSMUSG00000062825,Actg1,muscle,darkgreen,0.000114643750447876,2.03847992495299e-06,0.0209871983552683,FALSE,FALSE
ENSMUSG00000003032,Klf4,muscle,darkgreen,0.00013125178845497,4.62414975683334e-06,0.00928151056224552,FALSE,FALSE
ENSMUSG00000093264,NA,muscle,darkgreen,0.000143454234630732,5.4068854683621e-06,0.0531036381746449,FALSE,FALSE
ENSMUSG00000055368,Slc6a2,muscle,darkgreen,0.000144006090745823,0.119066268959059,0.203466790557882,FALSE,FALSE
ENSMUSG00000039004,Bmp6,muscle,orange,0.000160024463953609,3.18650714625056e-11,4.07217780450946e-06,FALSE,FALSE
ENSMUSG00000042807,Hecw2,muscle,orange,0.000168852483305418,2.6526962625649e-07,0.000524754107650307,FALSE,FALSE
ENSMUSG00000084691,Gm24895,muscle,darkgreen,0.000180017291680828,0.000513680269093137,0.151747909734223,FALSE,FALSE
ENSMUSG00000026121,Sema4c,muscle,orange,0.000199404863024789,9.51023737663873e-07,4.12602106630231e-05,FALSE,FALSE
ENSMUSG00000047731,Wbp1l,muscle,orange,0.00020105248661564,1.37032970094533e-06,0.0190835478714553,FALSE,FALSE
ENSMUSG00000056492,Adgrf5,muscle,orange,0.000204260024254339,1.72522818494581e-12,2.24935448589182e-05,TRUE,FALSE
ENSMUSG00000014329,Bicc1,muscle,darkgreen,0.000218895445895684,0.000171609953780392,0.553257909714884,FALSE,FALSE
ENSMUSG00000058297,Spock2,muscle,orange,0.000245346260918791,8.12550365045553e-09,0.000169603230072344,FALSE,FALSE
ENSMUSG00000098955,Mir6935,muscle,darkgreen,0.000249614560345797,0.00543737214906296,0.470896486078376,FALSE,FALSE
ENSMUSG00000024030,Abcg1,muscle,orange,0.000276216666012076,1.94292876855642e-05,0.00467926290206972,FALSE,FALSE
ENSMUSG00000070304,Scn2b,muscle,orange,0.000324933772430475,2.42180075328196e-08,0.000235761312916629,FALSE,FALSE
ENSMUSG00000048490,Nrip1,muscle,orange,0.000331748935535838,8.85272999535085e-05,0.00131961298122001,FALSE,FALSE
ENSMUSG00000026179,Pnkd,muscle,darkgreen,0.000351202311489045,2.04688367509394e-06,0.00133031531837225,FALSE,FALSE
ENSMUSG00000062300,Nectin2,muscle,darkgreen,0.000379427221136832,3.01620925804728e-06,0.00751172153936168,FALSE,FALSE
ENSMUSG00000052512,Nav2,muscle,darkgreen,0.000393064713950166,4.01575386799949e-08,0.0405964937748796,FALSE,FALSE
ENSMUSG00000044367,Slc16a13,muscle,darkgreen,0.000397513754606749,4.88201049276568e-08,8.94100284309411e-05,FALSE,FALSE
ENSMUSG00000042705,Commd10,muscle,darkgreen,0.000400048929083601,1.33427805312459e-06,0.000203819658220164,FALSE,FALSE
ENSMUSG00000035275,Raver2,muscle,darkgreen,0.000405401005554217,0.0126140658714336,0.753174804401481,FALSE,FALSE
ENSMUSG00000043644,0610009L18Rik,muscle,darkgreen,0.000407868838771705,0.0323549824973521,0.0234310267837489,FALSE,FALSE
ENSMUSG00000026162,Nhej1,muscle,darkgreen,0.000414964737174124,1.18551448968638e-06,0.277359833207639,FALSE,FALSE
ENSMUSG00000028618,Tmem59,muscle,orange,0.000422251012586255,3.85329382051621e-06,0.0059541530409318,FALSE,FALSE
ENSMUSG00000045629,Sh3tc2,muscle,darkgreen,0.000441071465676699,2.11417422936649e-05,0.622643450465825,FALSE,FALSE
ENSMUSG00000037784,Dzip1l,muscle,darkgreen,0.00044323581925559,0.00618525278236247,0.711339139554702,FALSE,FALSE
ENSMUSG00000034810,Scn7a,muscle,orange,0.000463449690466515,3.0300002723649e-06,6.2157288065528e-05,FALSE,FALSE
ENSMUSG00000041836,Ptpre,muscle,darkgreen,0.000472956249014214,1.89436886548014e-05,0.302647453904613,FALSE,FALSE
ENSMUSG00000037419,Endod1,muscle,darkgreen,0.000504420538701086,0.127479459633603,0.329296066068938,FALSE,FALSE
ENSMUSG00000016619,Nup50,muscle,darkgreen,0.000519080286034728,1.04350723163168e-05,0.000334672834664218,FALSE,FALSE
ENSMUSG00000074207,Adh1,muscle,orange,0.000525542150355437,1.8768903966807e-14,4.81012124637101e-12,TRUE,FALSE
ENSMUSG00000029648,Flt1,muscle,orange,0.000536210221616993,2.66208852478019e-09,0.00426993960506819,FALSE,FALSE
ENSMUSG00000020641,Rsad2,muscle,orange,0.00054735520637208,1.00342574580057e-09,6.63531716912128e-05,FALSE,FALSE
ENSMUSG00000049097,Ankrd34a,muscle,darkgreen,0.000605213467712983,0.000169665265784357,0.00811144798058369,FALSE,FALSE
ENSMUSG00000057913,Gm10032,muscle,orange,0.000623843542335816,3.2058820394852e-07,3.76672264908408e-06,FALSE,FALSE
ENSMUSG00000025157,Zdhhc16,muscle,darkgreen,0.000672722705544318,3.78904173270249e-06,0.00292430566106733,FALSE,FALSE
ENSMUSG00000022180,Slc7a8,muscle,orange,0.000677240529554728,3.05351594530321e-06,6.46931285776609e-05,FALSE,FALSE
ENSMUSG00000041669,Prima1,muscle,orange,0.000677740249555923,2.92902195857269e-09,1.47589704907523e-09,FALSE,FALSE
ENSMUSG00000020658,Efr3b,muscle,darkgreen,0.000689019339787331,6.23300476700169e-09,2.93042002094206e-06,FALSE,FALSE
ENSMUSG00000049119,Fam110b,muscle,darkgreen,0.000910621464916286,0.0012192825608345,0.0014324734553757,FALSE,FALSE
ENSMUSG00000109635,Gm45670,muscle,darkgreen,0.00100383384648498,0.00082755859885732,0.229126010278861,FALSE,FALSE
ENSMUSG00000052040,Klf13,muscle,orange,0.00107780289682917,5.14040242590039e-17,6.50560034587598e-14,TRUE,FALSE
ENSMUSG00000055200,Sertad3,muscle,darkgreen,0.00117292882989764,0.000568150479492476,0.0402237033497401,FALSE,FALSE
ENSMUSG00000116069,Gm49510,muscle,darkgreen,0.00120250687042689,0.00121747737128855,0.856681224625904,FALSE,FALSE
ENSMUSG00000038957,Edc3,muscle,orange,0.00123223302644423,2.27982900012597e-05,0.120701273541835,FALSE,FALSE
ENSMUSG00000033855,Ston1,muscle,orange,0.00159587980698167,4.10009799426062e-06,0.022929183711893,FALSE,FALSE
ENSMUSG00000075224,Lrrc55,muscle,darkgreen,0.00162586877198495,9.5572165150039e-06,0.583494819584303,FALSE,FALSE
ENSMUSG00000028280,Gabrr1,muscle,orange,0.00169472181373044,1.3297406127693e-05,0.10518516859892,FALSE,FALSE
ENSMUSG00000034120,Srsf2,muscle,orange,0.00174664583954059,1.46436597585377e-07,1.39357158886744e-07,FALSE,FALSE
ENSMUSG00000097296,Gm26532,muscle,darkgreen,0.0017712989115745,2.59171717439812e-06,0.0771299509597746,FALSE,FALSE
ENSMUSG00000003348,Mob3a,muscle,darkgreen,0.00184636148751872,1.53155899799927e-07,0.00924175232682472,FALSE,FALSE
ENSMUSG00000024427,Spry4,muscle,darkgreen,0.00185091958409442,1.19759950468297e-07,0.0302006069062257,FALSE,FALSE
ENSMUSG00000040181,Fmo1,muscle,orange,0.00186804444089895,9.55900353601459e-12,3.50411234683659e-10,TRUE,FALSE
ENSMUSG00000028475,Spaar,muscle,orange,0.00212993369691177,7.8086248699538e-08,0.000405589197785545,FALSE,FALSE
ENSMUSG00000028967,Errfi1,muscle,darkgreen,0.00221949083299135,0.0168708809540663,0.235185491974483,FALSE,FALSE
ENSMUSG00000032878,Ccdc85a,muscle,orange,0.00224577637022687,6.76328910038562e-08,6.23655316467711e-06,FALSE,FALSE
ENSMUSG00000040339,Eeig2,muscle,orange,0.00225022842967926,5.90623707245854e-08,5.0345714146141e-06,FALSE,FALSE
ENSMUSG00000034403,Pja1,muscle,darkgreen,0.00234336982065858,7.43825256516927e-09,1.70127146984978e-05,FALSE,FALSE
ENSMUSG00000021250,Fos,muscle,darkgreen,0.00235037093731029,0.0100173682653802,0.927211574847075,FALSE,FALSE
ENSMUSG00000043432,Leng9,muscle,orange,0.00250154556528445,4.03707489280074e-05,0.00610191685232853,FALSE,FALSE
ENSMUSG00000024190,Dusp1,muscle,darkgreen,0.00273109058191229,0.0256955316493034,0.995379889018332,FALSE,FALSE
ENSMUSG00000036111,Lmo1,muscle,orange,0.00280813299693545,0.000237332168021437,0.115225381982269,FALSE,FALSE
ENSMUSG00000019861,Gopc,muscle,darkgreen,0.003039231961232,0.000364446466909883,0.0293432573903722,FALSE,FALSE
ENSMUSG00000020262,Adarb1,muscle,orange,0.00304729075890166,1.89924370600545e-06,0.0135850042511389,FALSE,FALSE
ENSMUSG00000036565,Ttyh3,muscle,darkgreen,0.00315602230743863,4.53032276130521e-06,0.0175579350502971,FALSE,FALSE
ENSMUSG00000079018,Ly6c1,muscle,orange,0.00339699480575579,8.20312877796832e-13,4.10788123391478e-07,TRUE,FALSE
ENSMUSG00000023206,Il15ra,muscle,orange,0.0034336207511319,2.32615529361952e-14,5.15348648379766e-11,TRUE,FALSE
ENSMUSG00000090958,Lrrc32,muscle,darkgreen,0.00361778746021429,6.42668580818498e-08,0.000611011101627943,FALSE,FALSE
ENSMUSG00000073423,Zfp414,muscle,darkgreen,0.0036755620020971,8.65011126482934e-06,0.162833562468403,FALSE,FALSE
ENSMUSG00000040158,Tax1bp3,muscle,darkgreen,0.00372653714637265,2.50551254140766e-05,0.0624589726853836,FALSE,FALSE
ENSMUSG00000029380,Cxcl1,muscle,darkgreen,0.0041119870060481,0.0100064716079276,0.352717892221893,FALSE,FALSE
ENSMUSG00000116165,Pdxp,muscle,darkgreen,0.00422301924698609,0.00213052913443592,0.359144493799792,FALSE,FALSE
ENSMUSG00000051451,Crebzf,muscle,orange,0.00456277731280605,0.000124459421236287,0.0196759297647027,FALSE,FALSE
ENSMUSG00000027489,Necab3,muscle,darkgreen,0.00517177338969585,0.0135931809237286,0.46683902633177,FALSE,FALSE
ENSMUSG00000020834,Dhrs13,muscle,darkgreen,0.00517726687922875,0.000162800228545477,0.00396974079267223,FALSE,FALSE
ENSMUSG00000052504,Epha3,muscle,darkgreen,0.00562564661271461,0.0596449508701955,0.8513881423617,FALSE,FALSE
ENSMUSG00000078202,Nrarp,muscle,darkgreen,0.00603141852895766,5.63034763989531e-07,0.364551930775214,FALSE,FALSE
ENSMUSG00000052915,Msl1,muscle,darkgreen,0.0080617020242053,6.65242527891231e-07,0.00112691431766708,FALSE,FALSE
ENSMUSG00000019235,Rps6kl1,muscle,darkgreen,0.00846926242898555,0.0536668345087986,0.012298478968523,FALSE,FALSE
ENSMUSG00000008813,Tppp2,muscle,orange,0.0085216157039042,2.53832586110392e-06,0.0124886679672801,FALSE,FALSE
ENSMUSG00000056602,Fry,muscle,orange,0.008938072643478,4.8561540075086e-08,0.000216109533973814,FALSE,FALSE
ENSMUSG00000032609,Klhdc8b,muscle,darkgreen,0.00991427855215071,0.0116882904664605,0.3878716257451,FALSE,FALSE
ENSMUSG00000051495,Irf2bp2,muscle,orange,0.0103667897063143,4.98145838376501e-06,5.89829152245712e-06,FALSE,FALSE
ENSMUSG00000059327,Eda,muscle,darkgreen,0.0103914433841309,0.00279782007019789,0.0757978556062056,FALSE,FALSE
ENSMUSG00000030878,Cdr2,muscle,darkgreen,0.0103994941570384,3.88050881850257e-08,0.00014024104908807,FALSE,FALSE
ENSMUSG00000027540,Ptpn1,muscle,orange,0.0106315333752512,6.65484954453985e-05,0.0546693898495922,FALSE,FALSE
ENSMUSG00000028680,Plk3,muscle,darkgreen,0.0106920719648946,3.9227957381436e-10,0.00309031264381946,TRUE,FALSE
ENSMUSG00000098399,NA,muscle,darkgreen,0.0108338999744443,0.0184079696445992,0.471907111255279,FALSE,FALSE
ENSMUSG00000109829,Gm45605,muscle,orange,0.0109458583755709,4.70514170864467e-06,5.08616859540355e-05,FALSE,FALSE
ENSMUSG00000089736,Tgfbr3l,muscle,orange,0.0110440369240947,2.05146434367661e-06,0.0314171610291923,FALSE,FALSE
ENSMUSG00000045180,Shroom2,muscle,orange,0.0110464567510755,0.000161901897146933,0.0018753689837065,FALSE,FALSE
ENSMUSG00000114004,Gm48552,muscle,orange,0.0121780712426875,0.00102540248022981,0.645558337761766,FALSE,FALSE
ENSMUSG00000042035,Igsf3,muscle,darkgreen,0.0123243993478185,0.0384777811258366,0.19672633446643,FALSE,FALSE
ENSMUSG00000117919,Gm41717,muscle,orange,0.01243587467491,0.000474841557103308,0.0092426839723991,FALSE,FALSE
ENSMUSG00000000531,Tamalin,muscle,darkgreen,0.0133460283275455,0.00022823687523041,0.560532145821165,FALSE,FALSE
ENSMUSG00000025422,Agap2,muscle,orange,0.0140949387203908,2.778338871592e-12,6.22977950584253e-08,TRUE,FALSE
ENSMUSG00000019927,Ube2d1,muscle,darkgreen,0.0155047461362223,0.000231576709342736,0.0084088146280825,FALSE,FALSE
ENSMUSG00000078552,Dcdc2b,muscle,orange,0.0160072635243566,1.05084344091104e-06,0.0126297998015067,FALSE,FALSE
ENSMUSG00000068015,Lrch1,muscle,orange,0.0166701725948826,8.4140418784317e-07,0.00046406196840735,FALSE,FALSE
ENSMUSG00000000317,Bcl6b,muscle,darkgreen,0.0166991749943735,3.22645054526139e-12,1.50759320994768e-09,TRUE,FALSE
ENSMUSG00000067370,B3galt4,muscle,darkgreen,0.0170501593333806,0.0735902276448247,0.715416763011948,FALSE,FALSE
ENSMUSG00000031627,Irf2,muscle,darkgreen,0.0172872602970603,0.000107250941930554,0.00215973309890761,FALSE,FALSE
ENSMUSG00000005125,Ndrg1,muscle,orange,0.0178673426096593,7.02669459496495e-07,0.00161605508292678,FALSE,FALSE
ENSMUSG00000040795,Iqcc,muscle,orange,0.0199936625193062,0.000154509313899349,0.000529062274441687,FALSE,FALSE
ENSMUSG00000068079,Tcf15,muscle,darkgreen,0.0216220261540193,0.00176837491371574,0.319354644468852,FALSE,FALSE
ENSMUSG00000041653,Pnpla3,muscle,orange,0.0224810420068795,1.86527378276196e-07,4.34732008824854e-06,FALSE,FALSE
ENSMUSG00000092060,Bend4,muscle,darkgreen,0.0227782551117424,0.0486419957482452,0.593565044705648,FALSE,FALSE
ENSMUSG00000028444,Cntfr,muscle,orange,0.0236091988506072,1.8477666864587e-08,2.01837028959775e-10,FALSE,FALSE
ENSMUSG00000022074,Tnfrsf10b,muscle,darkgreen,0.0242246246604184,2.54395497858583e-07,4.01349066392196e-05,FALSE,FALSE
ENSMUSG00000035513,Ntng2,muscle,darkgreen,0.0286501267574263,0.000510961803930946,0.345249509900992,FALSE,FALSE
ENSMUSG00000038214,Bend3,muscle,darkgreen,0.0300518348702244,3.62921427862037e-07,0.000258453709297537,FALSE,FALSE
ENSMUSG00000050947,Amigo1,muscle,darkgreen,0.0306026922656344,9.68469804480375e-12,2.04726583821672e-08,TRUE,FALSE
ENSMUSG00000092412,Gm20507,muscle,darkgreen,0.0366040896316171,0.00250674256580004,0.51364127771922,FALSE,FALSE
ENSMUSG00000100254,Trpc2,muscle,orange,0.0378567624619979,7.69682095040886e-08,0.00884969131721582,FALSE,FALSE
ENSMUSG00000026921,Egfl7,muscle,darkgreen,0.0381532322779145,2.65556382079358e-07,0.217450094741742,FALSE,FALSE
ENSMUSG00000073599,Ecscr,muscle,darkgreen,0.0402134725118513,0.00279198432976171,0.416533149413765,FALSE,FALSE
ENSMUSG00000068735,Trp53i11,muscle,darkgreen,0.0405327298633473,6.18649239799521e-12,1.41346373877505e-08,TRUE,FALSE
ENSMUSG00000092868,Mir5113,muscle,darkgreen,0.0425299497021572,0.0071328297047806,0.0290111709319167,FALSE,FALSE
ENSMUSG00000020474,Polm,muscle,darkgreen,0.0426168393775355,9.16273859059316e-05,0.237862876560471,FALSE,FALSE
ENSMUSG00000009633,G0s2,muscle,orange,0.0441841673520847,0.0011038717068419,0.000337387211650699,FALSE,FALSE
ENSMUSG00000062257,Opcml,muscle,darkgreen,0.0473072845489787,1.1956867979864e-05,0.357547450283957,FALSE,FALSE
ENSMUSG00000067279,Ppp1r3c,muscle,orange,0.0482375278503163,4.95893095486703e-09,0.000140767535785764,FALSE,FALSE
ENSMUSG00000032220,Myo1e,muscle,darkgreen,0.049497115551635,1.53869124358209e-11,1.94512577325524e-07,TRUE,FALSE
ENSMUSG00000020423,Btg2,muscle,darkgreen,0.0496324096366766,0.0442949169123281,0.89351321704048,FALSE,FALSE
ENSMUSG00000075254,Heg1,muscle,orange,0.0542911935816702,0.000130220164034662,0.00149006285646426,FALSE,FALSE
ENSMUSG00000021365,Nedd9,muscle,darkgreen,0.0546091173813599,1.90555955660813e-05,8.35957464624218e-05,FALSE,FALSE
ENSMUSG00000062012,Zfp13,muscle,darkgreen,0.0552450753676317,0.00915111780765568,0.506007518593633,FALSE,FALSE
ENSMUSG00000031792,Usb1,muscle,darkgreen,0.0554859583914236,0.000929647813606263,0.177409704232846,FALSE,FALSE
ENSMUSG00000036959,Bcorl1,muscle,darkgreen,0.0557150094710463,0.000484570752011992,0.00173113251675168,FALSE,FALSE
ENSMUSG00000055866,Per2,muscle,orange,0.0558146251597725,0.0136057276375318,0.000195403016476871,FALSE,FALSE
ENSMUSG00000030259,Rassf8,muscle,orange,0.0567915018410404,0.0118972944538299,0.573912184295669,FALSE,FALSE
ENSMUSG00000021367,Edn1,muscle,orange,0.0581215303570399,1.30288331384032e-08,0.00086129678214332,FALSE,FALSE
ENSMUSG00000030551,Nr2f2,muscle,orange,0.0586532006719791,0.00149907160048778,6.8342505945209e-05,FALSE,FALSE
ENSMUSG00000087336,Gm15860,muscle,orange,0.0608712044146637,0.000555483773675724,0.20794125754708,FALSE,FALSE
ENSMUSG00000118434,Gm13301,muscle,orange,0.0652320904986841,1.11442417517842e-05,0.0311113141468077,FALSE,FALSE
ENSMUSG00000004768,Rab23,muscle,darkgreen,0.0699590957720406,0.000620876716159052,0.882972215183548,FALSE,FALSE
ENSMUSG00000024012,Mtch1,muscle,darkgreen,0.0734976220006888,0.00243789077535728,0.268738327096103,FALSE,FALSE
ENSMUSG00000058594,Fbh1,muscle,orange,0.0751379143267683,6.37853671234e-08,5.02382308049103e-06,FALSE,FALSE
ENSMUSG00000113682,Gm48630,muscle,orange,0.0820729038139025,5.34269364959121e-05,0.247117900074643,FALSE,FALSE
ENSMUSG00000057738,Sptan1,muscle,orange,0.0835459168966562,1.46600290702605e-05,0.00468538626439794,FALSE,FALSE
ENSMUSG00000062098,Btbd3,muscle,orange,0.0940397913553023,2.536377531469e-05,0.0142844163147879,FALSE,FALSE
ENSMUSG00000053560,Ier2,muscle,darkgreen,0.0957633874080656,1.86307130095225e-05,0.67831599629347,FALSE,FALSE
ENSMUSG00000026088,Mitd1,muscle,darkgreen,0.102693042602394,0.0101809984226463,0.899564320962687,FALSE,FALSE
ENSMUSG00000008167,Fbxw9,muscle,darkgreen,0.105955913481058,0.00928277206690509,0.507086548662356,FALSE,FALSE
ENSMUSG00000025747,Tyms,muscle,darkgreen,0.106990358452331,0.0118638300034414,0.370930415535805,FALSE,FALSE
ENSMUSG00000010064,Slc38a3,muscle,orange,0.108120393058377,4.59598285746796e-09,1.27269107918011e-07,FALSE,FALSE
ENSMUSG00000102544,Gm5103,muscle,darkgreen,0.109000733392819,0.00809882404474929,0.859671388044274,FALSE,FALSE
ENSMUSG00000017615,Tnfaip1,muscle,darkgreen,0.111082011970313,9.14422137834022e-07,8.63767371202617e-06,FALSE,FALSE
ENSMUSG00000046562,Unc119b,muscle,darkgreen,0.112721269324886,4.06033362166588e-06,0.0465517449473938,FALSE,FALSE
ENSMUSG00000001105,Ift20,muscle,darkgreen,0.113801561276323,9.92194184534155e-07,0.113611699977957,FALSE,FALSE
ENSMUSG00000031149,Praf2,muscle,darkgreen,0.126554804979723,0.0028348775143867,0.497222441077355,FALSE,FALSE
ENSMUSG00000027716,Trpc3,muscle,darkgreen,0.133449597398005,1.87077880710371e-05,0.000192071585577278,FALSE,FALSE
ENSMUSG00000086606,Gm13205,muscle,darkgreen,0.137147842510478,0.000125643209765607,0.207191852365669,FALSE,FALSE
ENSMUSG00000054008,Ndst1,muscle,darkgreen,0.137355205376701,2.79374299085991e-11,4.74356056302344e-06,TRUE,FALSE
ENSMUSG00000004633,Chn2,muscle,orange,0.137688846364325,0.000190682971130633,0.0010832055272066,FALSE,FALSE
ENSMUSG00000097099,Gm9917,muscle,orange,0.138035642704396,9.0791659447435e-05,5.41521689132032e-05,FALSE,FALSE
ENSMUSG00000045327,6330549D23Rik,muscle,orange,0.156672073663538,0.000192525284031436,0.068421368969964,FALSE,FALSE
ENSMUSG00000079442,St6galnac4,muscle,darkgreen,0.156938100884959,0.000146573874426032,0.019528809238706,FALSE,FALSE
ENSMUSG00000009585,Apobec3,muscle,orange,0.159088182728439,8.73169476675695e-08,0.00571818091081166,FALSE,FALSE
ENSMUSG00000008384,Sertad1,muscle,darkgreen,0.175350777505956,1.12263959326846e-05,0.00776100868412502,FALSE,FALSE
ENSMUSG00000049672,Zbtb14,muscle,orange,0.188260451301437,6.78256982473428e-10,5.61064563350534e-08,FALSE,FALSE
ENSMUSG00000100075,1700018L02Rik,muscle,darkgreen,0.197398962728959,0.00329680151644298,0.368107500886253,FALSE,FALSE
ENSMUSG00000021681,Aggf1,muscle,darkgreen,0.200667146177155,0.000713554933333134,0.0139203546300729,FALSE,FALSE
ENSMUSG00000032946,Rasgrp2,muscle,orange,0.205618157090869,8.00000237485703e-05,0.00904995492631515,FALSE,FALSE
ENSMUSG00000062563,Cys1,muscle,orange,0.207563591323821,0.000222570436895085,0.000405241530011812,FALSE,FALSE
ENSMUSG00000040105,Plpp6,muscle,orange,0.211702522362993,4.72724450945301e-06,0.0306298420112517,FALSE,FALSE
ENSMUSG00000084797,Gm14321,muscle,orange,0.214767853807796,7.21225483312254e-06,0.00904851508003705,FALSE,FALSE
ENSMUSG00000090698,Apold1,muscle,darkgreen,0.216350711529834,3.75209682231206e-08,0.000341737178690631,FALSE,FALSE
ENSMUSG00000037196,Pacrg,muscle,orange,0.223253999991913,0.0177738033615723,0.106031262008348,FALSE,FALSE
ENSMUSG00000022070,Bora,muscle,darkgreen,0.226834855093822,0.0264578605888895,0.835788910504563,FALSE,FALSE
ENSMUSG00000033082,Clec1a,muscle,orange,0.228150348342297,0.000208406517651297,0.0401647754053731,FALSE,FALSE
ENSMUSG00000031980,Agt,muscle,darkgreen,0.22909540220435,0.000545755256953938,0.434305521917111,FALSE,FALSE
ENSMUSG00000036960,Clca2,muscle,darkgreen,0.236896590143386,2.18061522944136e-05,0.0171296119224816,FALSE,FALSE
ENSMUSG00000103393,Gm38304,muscle,darkgreen,0.238706633376554,0.00563417727758172,0.519027663004392,FALSE,FALSE
ENSMUSG00000052698,Tln2,muscle,darkgreen,0.251671478247461,0.000238732129557053,0.215095272368039,FALSE,FALSE
ENSMUSG00000043415,Otud1,muscle,darkgreen,0.252214677137489,0.0331409830161214,0.484068880519336,FALSE,FALSE
ENSMUSG00000071347,C1qtnf9,muscle,orange,0.254575189058206,2.13787275679744e-08,1.12844903945965e-08,FALSE,FALSE
ENSMUSG00000047910,Pcdhb16,muscle,darkgreen,0.258824899298712,2.2471082741155e-05,0.831482610250589,FALSE,FALSE
ENSMUSG00000029161,Cgref1,muscle,darkgreen,0.259396376768993,0.0791868956495174,0.269322688806905,FALSE,FALSE
ENSMUSG00000039157,Eeig1,muscle,darkgreen,0.26003003076233,2.98909057874557e-06,0.000388777089442492,FALSE,FALSE
ENSMUSG00000085151,1110018N20Rik,muscle,orange,0.282337446996776,3.21079583289901e-05,0.00481169391033936,FALSE,FALSE
ENSMUSG00000026398,Nr5a2,muscle,darkgreen,0.290656125708456,0.00104971062136025,0.997209311588577,FALSE,FALSE
ENSMUSG00000028882,Ppp1r8,muscle,darkgreen,0.300309048355408,0.0181081395927475,0.320931998710914,FALSE,FALSE
ENSMUSG00000041238,Rbbp8,muscle,darkgreen,0.320697800926683,0.030112410079502,0.311260301879832,FALSE,FALSE
ENSMUSG00000020682,Mmp28,muscle,orange,0.322125963972292,3.34729181662816e-08,3.44766652352605e-06,FALSE,FALSE
ENSMUSG00000028036,Ptgfr,muscle,orange,0.337599380883105,2.76362190435824e-06,1.96132365032747e-05,FALSE,FALSE
ENSMUSG00000017167,Cntnap1,muscle,orange,0.340536760868208,6.53790364744911e-06,0.000525477202912992,FALSE,FALSE
ENSMUSG00000039321,Uts2r,muscle,orange,0.357749473992249,0.000573524348148421,0.0258061357787171,FALSE,FALSE
ENSMUSG00000042121,Ssh1,muscle,darkgreen,0.364662235472777,6.8714881304179e-05,0.0165381371262185,FALSE,FALSE
ENSMUSG00000074480,Mex3a,muscle,darkgreen,0.371511255934743,0.0143198877053508,0.294971532972059,FALSE,FALSE
ENSMUSG00000028713,Cyp4b1,muscle,orange,0.372013121879885,2.96251585544321e-05,0.0454101768995538,FALSE,FALSE
ENSMUSG00000051790,Nlgn2,muscle,darkgreen,0.394031071399922,2.01955610269502e-06,0.123539384672124,FALSE,FALSE
ENSMUSG00000038884,Shfl,muscle,darkgreen,0.417028780492463,0.00117524020874932,0.199798627899817,FALSE,FALSE
ENSMUSG00000041361,Myzap,muscle,orange,0.420261910214004,0.000989061546329172,0.0388037692049468,FALSE,FALSE
ENSMUSG00000027834,Serpini1,muscle,orange,0.434212902241304,3.05780671523802e-08,0.000231477479434032,FALSE,FALSE
ENSMUSG00000032846,Zswim6,muscle,darkgreen,0.438577042780827,0.413259686531517,0.571902125998945,FALSE,FALSE
ENSMUSG00000029352,Crybb3,muscle,orange,0.438999517295987,0.00107690496880576,0.00301318763524449,FALSE,FALSE
ENSMUSG00000097494,4933406C10Rik,muscle,orange,0.457494225579996,1.88908211009948e-06,0.00867535519208769,FALSE,FALSE
ENSMUSG00000022668,Gtpbp8,muscle,orange,0.468405373300856,1.48985163365689e-05,0.739621578682892,FALSE,FALSE
ENSMUSG00000019966,Kitl,muscle,orange,0.486321136676804,2.30905003386224e-10,1.10180716129525e-07,FALSE,FALSE
ENSMUSG00000003037,Rab8a,muscle,darkgreen,0.487899572915775,0.000109500213104529,0.0206821345833522,FALSE,FALSE
ENSMUSG00000038550,Ciart,muscle,darkgreen,0.521341814277944,2.79966361937004e-07,9.12712755069851e-06,FALSE,FALSE
ENSMUSG00000045917,Tmem268,muscle,orange,0.548275734042761,0.0127208819932142,0.543521434895746,FALSE,FALSE
ENSMUSG00000078768,Zfp566,muscle,darkgreen,0.552831096442539,0.00554538365209077,0.0456947897418059,FALSE,FALSE
ENSMUSG00000020315,Sptbn1,muscle,orange,0.577839119117518,2.52975149332974e-09,0.000298822990215862,FALSE,FALSE
ENSMUSG00000070425,Xntrpc,muscle,orange,0.580583186959318,7.4676279328601e-07,0.00898986934298068,FALSE,FALSE
ENSMUSG00000081534,Slc48a1,muscle,darkgreen,0.585134701830974,3.74288817097997e-08,0.0314221753110165,FALSE,FALSE
ENSMUSG00000027536,Chmp4c,muscle,orange,0.585447261279865,0.00361002608610698,0.0572484286267786,FALSE,FALSE
ENSMUSG00000034006,Slc66a2,muscle,darkgreen,0.586779701739708,0.00322990662711688,0.00199737336974568,FALSE,FALSE
ENSMUSG00000024743,Syt7,muscle,orange,0.600922246099607,0.000127844408681167,0.020177157870848,FALSE,FALSE
ENSMUSG00000052544,St6galnac3,muscle,darkgreen,0.606463314237295,2.08124269511879e-05,0.000671986096045341,FALSE,FALSE
ENSMUSG00000024085,Man2a1,muscle,orange,0.61796127879262,8.3911097466998e-08,1.56596143716155e-06,FALSE,FALSE
ENSMUSG00000009406,Elk1,muscle,darkgreen,0.641744447337576,5.3622383035256e-07,0.00132150415338232,FALSE,FALSE
ENSMUSG00000061536,Sec22c,muscle,darkgreen,0.645958942059786,0.00342857666864647,0.422514482133949,FALSE,FALSE
ENSMUSG00000025931,Paqr8,muscle,orange,0.668130990595306,0.000428050318483929,0.110448777277358,FALSE,FALSE
ENSMUSG00000059588,Calcrl,muscle,orange,0.716225050802141,2.09432898016706e-08,2.17395586975398e-07,FALSE,FALSE
ENSMUSG00000039372,Marchf4,muscle,darkgreen,0.726879810063906,0.24206860884503,0.457165075692371,FALSE,FALSE
ENSMUSG00000046058,Eid2,muscle,darkgreen,0.739924481664846,0.00161211182900318,0.0414885808792172,FALSE,FALSE
ENSMUSG00000025723,Nmb,muscle,orange,0.748300698076366,1.60744804257583e-10,8.87900948455023e-10,FALSE,FALSE
ENSMUSG00000097440,Gm6277,muscle,darkgreen,0.774500407834054,0.00698055132181222,0.402445502352423,FALSE,FALSE
ENSMUSG00000030553,Pgpep1l,muscle,darkgreen,0.77958107462249,0.0102420912579779,0.597352129723884,FALSE,FALSE
ENSMUSG00000063415,Cyp26b1,muscle,orange,0.810254690023272,4.72900096852924e-05,0.0458717310950389,FALSE,FALSE
ENSMUSG00000005958,Ephb3,muscle,darkgreen,0.821153132290828,0.000618232302825852,0.24543572465874,FALSE,FALSE
ENSMUSG00000025812,Pard3,muscle,darkgreen,0.855801495358641,1.49787819586268e-06,9.32602448770894e-10,FALSE,FALSE
ENSMUSG00000106383,E330034L11Rik,muscle,darkgreen,0.856509057920275,0.00283362221183073,0.563307458819008,FALSE,FALSE
ENSMUSG00000026873,Phf19,muscle,orange,0.863294846201627,0.00802524648923112,0.00112095470836253,FALSE,FALSE
ENSMUSG00000020889,Nr1d1,muscle,darkgreen,0.896436119550621,1.98380448577221e-08,1.74737549815983e-10,FALSE,FALSE
ENSMUSG00000092071,A230065N10Rik,muscle,darkgreen,0.919120293130171,0.00955253804941357,0.97962237335784,FALSE,FALSE
ENSMUSG00000018500,Adora2b,muscle,orange,0.948388673751466,2.02070481280658e-05,0.0180762062710455,FALSE,FALSE
ENSMUSG00000030493,Faap24,muscle,darkgreen,0.954307071017472,0.00342368239995976,0.170547568737158,FALSE,FALSE
ENSMUSG00000079499,6530402F18Rik,muscle,darkgreen,0.965712713044674,0.163860976168637,0.599456219603758,FALSE,FALSE
ENSMUSG00000025316,Banp,muscle,orange,0.977736016008639,6.37830156411065e-05,0.000475059329686414,FALSE,FALSE
ENSMUSG00000030516,Tjp1,muscle,orange,0.996352477343671,0.000123720072356612,0.0358029475352501,FALSE,FALSE
